"","MODZCTA","Neighborhood","Borough","COVID_CASE_COUNT","COVID_CASE_RATE","POP_DENOMINATOR","COVID_DEATH_COUNT","COVID_DEATH_RATE","PERCENT_POSITIVE","ZCTA","total_population","percent_female","percent_unemployed","median_income","poverty_rate","percent_uninsured","percent_public_health_insurance","percent_private_health_insurance","home_ownership","renter_occupied","single_mom","single_dad","home_median_value","high_school_completion","college_graduates","percent_with_Internet","percent_white","median_age","percent_black","percent_hispanic_latino","percent_receiving_public_assistance","percent_in_mgmt_art_sci","percent_spending_35_percent_rent","median_rent","percent_asian","percent_non_citizens","percent_with_disability","crowding"
"1","10001","Chelsea - Clinton","Manhattan",348,1476.89,23563.03,17,72.15,21.64,"10001",22924,49.1,4.5,88526,10.6,4.3,25.4,79,26.2,73.8,1.7,1,343400,91.8,68,88.3,62.9,36.7,6.2,14.2,3.1,64.6,35.9,2065,25.2,47.6,8.2,3.09999999999999
"2","10002","Union Square - Lower East Side","Manhattan",1002,1305.45,76755.41,143,186.31,30.74,"10002",74993,51.7,7,35859,24.9,5.9,53.1,46.8,13.3,86.7,5.6,1.3,665200,66,34,56,32.2,43.6,8.4,27.2,6.3,44.5,40.1,963,41.5,39.5,15.2,8.3
"3","10003","Union Square - Lower East Side","Manhattan",439,815.96,53801.62,30,55.76,18.97,"10003",54682,49.7,5.7,112131,3.1,3.9,17.3,86,32.9,67.1,1.5,0.4,1001200,96.1,80.2,86.9,75.9,32.3,5.8,8.2,0.5,71.2,34.1,2298,13.5,62.5,6.9,3.5
"4","10004","Lower Manhattan","Manhattan",30,821.78,3650.61,1,27.39,19.35,"10004",3028,58.2,4.5,157645,1,4.9,7.7,91.6,38.3,61.7,2.5,0.5,1640600,98.9,90.4,98.6,62.8,37.1,1.7,3.7,0,76.2,28.5,3235,30.4,67.7,5.2,3.90000000000001
"5","10005","Lower Manhattan","Manhattan",59,702.71,8396.11,2,23.82,15.45,"10005",8831,54.7,3.1,173333,0.4,2.7,5.5,94.4,19.6,80.4,2.8,1,1415400,99.2,88.4,98.8,73.4,30.1,2.5,6.9,0.2,71.3,26.2,3226,17,62.7,1.6,13.3
"6","10006","Lower Manhattan","Manhattan",23,665.17,3457.77,0,0,14.2,"10006",3454,52.7,0.6,176250,2.7,2.1,1.2,97.6,17.1,82.9,1.7,0.8,1140400,99.4,92.8,92.6,69.8,31.8,1,12,0,79,26.1,3229,19.9,48.9,0,10.9
"7","10007","Lower Manhattan","Manhattan",49,593.96,8249.73,3,36.36,13.8,"10007",7023,41.4,2.8,246813,0.8,0.7,8.4,93.9,35.4,64.6,0.8,0.6,2000001,92.6,80,97.3,77.2,36,4.7,8.3,0.4,73.4,20.5,3394,11.8,57.6,1.9,6.3
"8","10009","Union Square - Lower East Side","Manhattan",664,1130.25,58747.99,65,110.64,22.59,"10009",57925,54.2,4,61548,19.3,5.6,35.7,65.9,6.3,93.7,5,0.8,608300,88.2,59.5,67.6,61.8,37.1,9.4,24.8,4.1,62.3,35.4,1642,13,47.6,12.5,4.40000000000001
"9","10010","Gramercy Park - Murray Hill","Manhattan",254,784.63,32371.86,20,61.78,14.42,"10010",33730,48.5,4,117923,7.8,3.6,20.7,84.5,28.4,71.6,0.7,0.6,788200,96.1,78.4,88.2,73.2,34.7,5.3,11,2.4,72.4,34.1,2590,17.4,51.8,7,3.40000000000001
"10","10011","Chelsea - Clinton","Manhattan",505,1020.19,49500.52,33,66.67,21.22,"10011",50472,48.4,3.7,128613,5.3,3.7,24.5,82.9,37.6,62.4,2.2,0.8,964200,95.6,78.8,91.2,79.9,40.6,5.6,11.3,2,71.7,30.9,2115,9.2,53.4,8.9,4.40000000000001
"11","10012","Greenwich Village - Soho","Manhattan",156,650.51,23981.2,7,29.19,17.99,"10012",23411,50.5,3.4,109037,5.2,5.1,17.8,84.3,18,82,1.8,1.1,1669400,94.9,80.5,87.6,74.4,33.9,2.8,6.4,0.5,73,32.9,2280,17.3,56.8,5.9,7.90000000000001
"12","10013","Greenwich Village - Soho","Manhattan",252,868.03,29031.09,19,65.45,19.94,"10013",28709,51.1,3.5,105442,10,5.1,28.4,71.4,26.2,73.8,3,0.8,2000001,79,61.6,79.1,55.6,38,4.4,6,1.7,60,37.9,1571,33.3,45.8,8.3,9.8
"13","10014","Greenwich Village - Soho","Manhattan",285,918.08,31043.16,24,77.31,20.71,"10014",30738,49.5,5.2,126601,3.9,3.5,20,84.8,32.4,67.6,1.2,0.4,1089100,98.9,84.5,93.3,88.9,38.3,1.1,6.7,1,74.8,33.4,2313,5.7,61.5,6.9,2.09999999999999
"14","10016","Gramercy Park - Murray Hill","Manhattan",652,1241.33,52524.35,48,91.39,18.61,"10016",51057,52.7,3.7,117004,3.9,3.5,18,86.8,28.8,71.2,1,0.2,775800,96.1,80.5,89.2,71.9,33.5,3.8,6.9,1.1,74.2,36.2,2550,19.3,48.6,7.2,3.7
"15","10017","Gramercy Park - Murray Hill","Manhattan",135,837.09,16127.22,5,31,15.3,"10017",15801,54.9,2.9,127506,2.3,3.9,26.1,85.7,43.6,56.4,1.7,0.5,637300,96.9,82.4,92.3,73.9,39.7,2.3,5.9,0.5,74.4,34.1,2309,21.2,47.6,6.9,5.09999999999999
"16","10018","Chelsea - Clinton","Manhattan",200,2098.32,9531.44,3,31.47,23.23,"10018",9687,46.9,3.7,108914,4.3,6,15.1,83.8,9.1,90.9,2.1,0.1,743600,91.2,69,92.6,59.8,32.8,4.8,15.2,2.2,64,36.5,3163,29.9,58.2,6.6,6.59999999999999
"17","10019","Chelsea - Clinton","Manhattan",572,1407.78,40631.45,43,105.83,22.29,"10019",43703,48.7,5.3,98833,6.4,4.5,25.5,78.9,19.9,80.1,1.8,0.9,917700,95.4,72.4,87.1,67.9,39.5,5.8,16.8,2.4,70.7,33.4,2139,17.4,51.5,9.4,5.40000000000001
"18","10021","Upper East Side","Manhattan",533,1206.55,44175.61,58,131.29,18.83,"10021",46215,54.5,2.1,118289,1.7,4.1,24.4,82.7,45,55,0.9,0.9,1238500,99,80.7,92.8,82.3,41,0.9,7.9,0.8,70.8,32.4,2149,9.4,49.8,8.4,3.2
"19","10022","Gramercy Park - Murray Hill","Manhattan",328,1081.27,30334.8,25,82.41,17.99,"10022",31125,54.7,2.5,135363,1.1,1.4,28.3,85.6,52.4,47.6,0.9,0.4,928400,98.1,82.9,91.8,83.6,47.5,1.4,5.4,0.3,74.7,34.8,2514,12.2,42,8.3,2
"20","10023","Upper West Side","Manhattan",540,895.9,60274.81,51,84.61,18.03,"10023",62435,56.5,4.5,130452,5.2,2.9,26.7,85.5,41.8,58.2,2,0.5,1124500,97.3,81.1,90.8,79.8,43.3,4.2,10.5,0.8,72.5,28.2,2321,10.6,52.6,9,3.2
"21","10024","Upper West Side","Manhattan",627,1093.52,57337.68,65,113.36,20.92,"10024",59001,54.9,2.6,131668,3.4,3.7,23.8,84.6,39.5,60.5,2.5,0.3,1540500,95.5,80.7,90.5,83.1,43.1,3.9,10.9,0.8,75.3,29.2,2174,7.2,48.5,8.4,2.3
"22","10025","Upper West Side","Manhattan",1242,1345.12,92333.47,148,160.29,23.5,"10025",92805,54.9,6.7,85930,9.8,4.4,32.4,76.9,28.7,71.3,4.3,0.4,1021400,90,66.7,84.1,64.6,41.3,12.6,23.4,2.5,67.1,38.4,1531,8.9,49.5,11.2,3.59999999999999
"23","10026","Central Harlem - Morningside Height","Manhattan",621,1591.57,39018.03,38,97.39,27.31,"10026",39363,54,7,58884,22.7,5.9,42.6,56.4,15.2,84.8,9.4,2.2,835000,82.4,44.4,79,26.4,35.1,53.4,21.3,3.5,51.4,34.9,1163,5.9,47.6,10.3,4.40000000000001
"24","10027","Central Harlem - Morningside Height","Manhattan",981,1541.7,63631.04,99,155.58,28.9,"10027",64548,53.8,5.6,46113,23.1,7.3,37.3,60.4,13.6,86.4,10.3,1.7,689200,84.7,47.9,75,30.5,31,39.5,25.4,4.1,52.9,43.5,1193,9.5,59,9.6,5.40000000000001
"25","10028","Upper East Side","Manhattan",454,923.61,49155.08,29,59,18.24,"10028",47793,57.1,2.6,125140,1.1,3.1,21,87.5,34.5,65.5,1,0,1218300,98.1,83.2,93.7,86.2,38.9,1.3,7.4,0.7,73.5,29.9,2329,9.6,53.1,6.1,3.8
"26","10029","East Harlem","Manhattan",1724,2186.67,78841.52,188,238.45,33.13,"10029",79597,54.3,10.8,34016,29.7,7.5,55.4,46,6.8,93.2,11.9,1.8,693200,74.3,31.7,73.6,33.8,35.1,31,47.9,6.9,40.8,38.9,923,9.5,51.2,15.4,7.7
"27","10030","Central Harlem - Morningside Height","Manhattan",478,1630.18,29321.91,45,153.47,29.5,"10030",29882,55.7,12.4,37232,23.3,8.3,49.3,48.6,11.5,88.5,11.4,1.7,606500,77.8,30.3,75.3,16.9,36.1,63.1,25.6,6.1,34.9,41.1,988,2.1,50.5,15.1,7.8
"28","10031","Washington Heights - Inwood","Manhattan",1241,2049.31,60556.93,116,191.56,33.18,"10031",60254,49.3,6.9,49891,20,12.2,44.3,47.6,12.5,87.5,6.4,2.3,417000,74.6,35.9,80.5,29.7,34.2,29.8,51.4,3.4,37.2,44.4,1365,3.9,50.6,11.1,8.59999999999999
"29","10032","Washington Heights - Inwood","Manhattan",1427,2320.61,61492.57,152,247.18,32.79,"10032",64264,50,8.5,50391,17.5,13.4,48.3,45.1,8.2,91.8,6.1,1.6,499600,69.9,31.1,75.9,29.8,34.7,19.3,66.3,6.4,32,42.4,1219,4.7,51.5,14.3,11.9
"30","10033","Washington Heights - Inwood","Manhattan",1278,2158.4,59210.43,110,185.78,31.97,"10033",59607,49.3,9.6,58614,16.7,8.2,47.1,50.2,10.5,89.5,7.5,2.5,495800,71.6,36.3,80.6,40.5,35.8,10.4,68.5,3.8,39.6,42.1,1412,2.2,47.4,13.6,11.9
"31","10034","Washington Heights - Inwood","Manhattan",679,1576.37,43073.65,66,153.23,26.88,"10034",42910,52.5,7.8,54716,17.2,9.5,47.2,49.8,9.3,90.7,10.8,1.3,342600,74.6,34,80.5,38.4,36.4,11.6,69.7,5.5,37.9,38.7,1330,3.1,49.2,11.7,14.4
"32","10035","East Harlem","Manhattan",918,2666.54,34426.65,106,307.9,31.89,"10035",35743,50.5,7.7,30081,29,11.2,54,39.6,8.3,91.7,11.3,1.5,592800,70.1,27.7,63.2,20.3,36.3,40.8,44.6,7.7,33.9,40.4,866,4.9,60.7,16.6,7.90000000000001
"33","10036","Chelsea - Clinton","Manhattan",396,1510.8,26211.25,34,129.72,23.05,"10036",27428,45.6,4.8,91936,7.3,5.9,25.1,75.5,9.7,90.3,2.4,0.4,976900,92.5,72.2,85.1,63.1,36.7,7.2,21.5,3.2,68.7,36.4,2151,19,64.4,11.3,3.5
"34","10037","Central Harlem - Morningside Height","Manhattan",518,2508.52,20649.62,64,309.93,25.38,"10037",21139,55.5,12.6,45041,23.6,6.8,48.7,54.1,5,95,11.9,0.5,422100,84.7,38.4,77.2,10.8,35.3,71.9,21.4,2.8,44.5,38,1153,2.5,53.1,11.1,7
"35","10038","Lower Manhattan","Manhattan",238,1079.46,22047.96,26,117.92,23.41,"10038",22800,53.1,5.7,86058,16.1,4.5,31.5,70.5,26.8,73.2,2,0.5,787400,81.2,57.8,79.8,51.7,36.2,9.3,14.1,3.3,65.4,28.5,2396,31.8,42.5,10,7.3
"36","10039","Central Harlem - Morningside Height","Manhattan",492,1859.58,26457.52,52,196.54,29.64,"10039",27726,57.4,13.5,39653,22.6,8.9,47.9,49.1,13.5,86.5,16.6,1.2,458900,80.9,30.4,75.2,13.1,33.7,61.9,33.8,7,37.5,38.3,931,1.6,47.5,12.7,6.5
"37","10040","Washington Heights - Inwood","Manhattan",1068,2383.49,44808.28,105,234.33,32.73,"10040",44571,53.4,10.5,47137,19,7.8,50.4,48,10.4,89.6,8,1.1,394500,73.3,34.7,81.7,36.1,37.4,9.8,69.5,4.1,36.8,49.5,1362,3,47.6,12,11.9
"38","10044","Upper East Side","Manhattan",228,1948.67,11700.29,32,273.5,29.96,"10044",11682,52.9,6.2,100441,3.9,6.6,23,75.5,19.7,80.3,1.3,0.1,692000,90.7,62.8,87.7,45.5,42.2,12.2,13.3,3.6,72.1,35.4,2520,33.9,73.9,9.2,10.1
"39","10065","Upper East Side","Manhattan",320,1101.11,29061.49,25,86.02,16.59,"10065",28109,56.4,2.6,127375,3,2.7,24.2,86.4,36.1,63.9,1.9,0.6,1548500,98.6,82.2,89.7,86.4,39.8,2.2,6.6,0.4,73,33.7,2472,9.5,52.1,6.8,4.2
"40","10069","Upper West Side","Manhattan",54,851.99,6338.13,2,31.56,18.82,"10069",5085,53.7,3.3,110625,7.3,1.8,12.4,93.7,26.4,73.6,4.8,1.8,2000001,98.6,87.6,94.1,62,36,2.9,1.1,1.1,69.1,36.4,3123,30.6,78.5,3.6,7.7
"41","10075","Upper East Side","Manhattan",372,1573.99,23634.14,44,186.17,22.74,"10075",21556,53.2,0.9,137146,4.5,2.1,23.5,89.9,44.7,55.3,1,2.7,1050600,98,76.8,91.5,85.3,45,3.1,14.2,0.4,68.3,36.5,2280,4.9,41.7,8,6.09999999999999
"42","10128","Upper East Side","Manhattan",611,995.89,61351.93,34,55.42,18,"10128",59256,57.2,3.8,114010,3.4,3.1,24.7,84,33,67,3,0.5,1022400,97.1,82,88.4,79.6,39.5,3.7,12.3,1.5,72.3,32.4,2198,9.9,48.1,8.1,3.90000000000001
"43","10280","Lower Manhattan","Manhattan",46,478.24,9618.7,0,0,14.74,"10280",9384,52.3,3.4,169844,1.1,3.8,12.8,89.7,27,73,2.5,0.4,910500,98.7,88.4,97.2,78.4,38.1,2,8.8,0,77.5,24.3,3332,15.7,52.9,3.5,8.40000000000001
"44","10282","Lower Manhattan","Manhattan",68,1232.9,5515.44,14,253.83,26.25,"10282",5593,51.6,3.1,250001,4.4,1.4,7.7,93.4,8.6,91.4,1.6,2.6,NA,97.8,83.8,98.1,74.3,35.3,1.1,7.6,0.9,75.1,16.4,3501,20.8,61.5,2.9,7.7
"45","10301","Stapleton - St. George","Staten Island",1119,2824.79,39613.55,96,242.34,33.69,"10301",38733,52.4,5,55802,20.1,6.3,41.4,61.2,45.5,54.5,9.7,1.6,454600,86.1,37.2,76.2,57.5,38.2,25,24.8,6.6,42.6,46.3,1291,6.1,43.7,10.2,5.90000000000001
"46","10302","Port Richmond","Staten Island",616,3281.14,18773.99,30,159.8,38.06,"10302",18204,48.8,4.2,64103,12.6,10.8,33.8,64.3,58.8,41.2,6.2,1.5,377500,83,24.3,72.1,62,34.9,20.6,41.1,6.7,29.9,57.7,1325,7.3,59.8,8.5,4.2
"47","10303","Port Richmond","Staten Island",821,3129.81,26231.66,41,156.3,35.54,"10303",25947,50.6,4.3,62558,25.1,8.1,39.8,58.6,60.7,39.3,14,2.1,333200,79.5,25.2,73.2,44,33.1,35.3,38.9,12,32.7,61.4,1009,8.1,46.7,9.2,10.2
"48","10304","Stapleton - St. George","Staten Island",1338,3152.04,42448.71,156,367.5,34.09,"10304",41064,50.7,6.8,52199,19.7,6.3,43.2,58.6,52.5,47.5,10.9,1.7,471400,83.8,31.5,72.5,52.1,38.1,27.5,25.2,9.8,37.3,55.3,1034,9.7,36.3,11.7,5.7
"49","10305","Stapleton - St. George","Staten Island",1193,2803.04,42560.99,73,171.52,31.96,"10305",42298,52.4,6.1,76489,9.1,4.8,35,70.1,66,34,4.3,1.7,440500,85.2,33.6,80.4,73.7,39.5,6.5,16.4,3.4,41,36.9,1292,13,32.3,11.1,6.40000000000001
"50","10306","South Beach - Tottenville","Staten Island",1408,2622.67,53685.66,72,134.11,28.99,"10306",53142,53.1,4.4,79569,8.4,4.2,32,77,70.9,29.1,3.9,1,480900,89.7,29.6,81.5,85.7,43.9,3.3,14.7,2.5,40.1,46.7,1361,5.9,27.4,12,2.59999999999999
"51","10307","South Beach - Tottenville","Staten Island",369,2425.31,15214.56,14,92.02,30.15,"10307",15232,51.1,5.2,80893,7,4.4,23.3,81.3,76,24,4,0.8,662600,93,37.5,85.2,93.8,39.7,0.4,9.2,1.6,46.1,38.1,1198,2.7,29.5,6.6,3.5
"52","10308","South Beach - Tottenville","Staten Island",617,2081.97,29635.33,25,84.36,27.64,"10308",30186,51.7,6.5,93963,4.4,2.8,29.8,79.8,82.9,17.1,4.2,1.2,494000,93.2,36,83.7,92.1,42.9,1.1,9.6,1,43,42.6,1664,5,31.3,10,2.09999999999999
"53","10309","South Beach - Tottenville","Staten Island",820,2484.47,33004.98,29,87.87,29.14,"10309",33531,49.8,2.9,103175,7.2,2.5,27.4,78.5,85.8,14.2,4.7,1.5,570200,91.3,33.6,85.8,91.8,40.5,0.9,9.3,1.7,44.1,32.9,1389,3.6,21.4,8.5,0.900000000000006
"54","10310","Port Richmond","Staten Island",704,2949.19,23870.96,31,129.86,31.01,"10310",23262,52.4,4.7,72093,15.5,8.4,37.9,63.9,61.3,38.7,12,1.6,451500,83.8,34.1,75.6,59,38.8,20.8,31.6,6.5,40.4,56.1,1237,6.3,49.5,9.5,4.7
"55","10312","South Beach - Tottenville","Staten Island",1458,2417.74,60304.33,57,94.52,29.55,"10312",61741,51.6,4.6,95064,5,2.8,27.7,80.4,85.3,14.7,5.2,1.2,518000,93.9,34.5,87.2,91.1,41.6,1.3,10.1,1.4,45.6,37.2,1238,5.4,20.2,8.8,2.3
"56","10314","Willowbrook","Staten Island",2557,2815.02,90834.29,170,187.15,32.37,"10314",90761,51.8,4.5,86742,7.4,4.3,32.2,73.9,74.4,25.6,4.5,1.4,485300,90,33.8,85,73.1,40.8,4.2,15.1,2.7,41,40.5,1401,16.6,27.9,9.9,4.90000000000001
"57","10451","High Bridge - Morrisania","Bronx",1553,3254.48,47718.77,144,301.77,35.95,"10451",47798,53.3,8.6,28921,33.1,9.8,60.6,36.6,13,87,15.5,2.7,135600,69.6,19.5,67.9,12.5,34.1,40.5,59.1,7.7,21.5,48.3,1042,1.2,48.3,18.4,10
"58","10452","High Bridge - Morrisania","Bronx",2260,2933.73,77035.04,152,197.31,36.12,"10452",76078,54.3,10.3,28277,35.5,11.9,63,31,2.7,97.3,20.4,3.2,238000,64.5,14.2,68.5,12.6,31.6,33.2,68.1,9.6,16.7,56.2,1139,1.5,57.1,14.3,18.6
"59","10453","Crotona - Tremont","Bronx",2268,2793.65,81184.04,154,189.69,37.36,"10453",79606,54.5,12,25275,37.9,9.5,67.5,28.6,3.6,96.4,22.1,2.5,427200,65.8,12.7,69.6,8.6,30.4,32.4,69.2,10.6,17.2,57.9,1130,1.3,56.4,15.2,15.7
"60","10454","Hunts Point - Mott Haven","Bronx",1092,2856.89,38223.41,97,253.77,32.7,"10454",38203,51.7,12.4,21149,43.9,14.2,64.4,27.3,5.2,94.8,21.6,4,430200,58.1,7.9,62.9,13.2,29.6,31.7,67.9,11.3,15.9,49.1,730,0.5,62.6,16.7,14
"61","10455","Hunts Point - Mott Haven","Bronx",1220,2892.75,42174.38,95,225.26,36.14,"10455",42283,52.3,12.7,26801,35.7,12.2,65.1,28.9,8.3,91.7,18.9,4.4,330000,60.7,11.8,67,12.3,30.6,30.3,71.8,10.1,18.1,50.4,974,1.3,57.4,15.4,12.3
"62","10456","High Bridge - Morrisania","Bronx",2380,2547.04,93441.91,258,276.11,34.24,"10456",94218,53.5,13.3,27106,35.4,10.3,65.3,33.1,5.7,94.3,21.7,2.8,345200,64.5,12.8,69.7,10.8,30.9,42.5,61.5,12.7,18.1,47.8,1019,0.9,55.3,17.1,14.1
"63","10457","Crotona - Tremont","Bronx",1965,2631.05,74685.06,169,226.28,35.14,"10457",74554,52.9,12.1,27420,34.3,11,65.9,28.2,5.8,94.2,22,3.7,376600,64.4,12.7,63.8,15.4,29.8,40.2,66.6,10.5,17.1,56.8,1154,0.9,59.2,15.2,17.9
"64","10458","Fordham - Bronx Park","Bronx",1953,2330.33,83807.74,109,130.06,35.22,"10458",83960,51.9,13.2,33932,32.4,11.8,59.8,34.3,3.9,96.1,20.3,2.9,383400,68,14.3,72.7,17.7,29,19.9,69.8,9.4,17.9,53.2,1222,3,61.1,13,17.1
"65","10459","Hunts Point - Mott Haven","Bronx",1433,2963.53,48354.56,151,312.28,38.14,"10459",48351,52.4,9.3,27687,31.1,10.4,63.1,32,11.4,88.6,20.9,4.9,389400,65.7,13.9,68.8,11.6,31.3,34.4,67.9,10.2,22.7,52.7,1020,0.8,54.2,13,10.2
"66","10460","Crotona - Tremont","Bronx",1572,2616.81,60073.25,111,184.77,36.79,"10460",59505,53.5,14.4,26866,34.7,9.3,66.8,44.6,10.5,89.5,19.1,3.5,412700,63.3,12,66.9,15.7,31.6,30.3,69.5,10.9,16.7,53.3,1053,1.6,53.3,16.4,12
"67","10461","Pelham - Throgs Neck","Bronx",1830,3698.5,49479.56,128,258.69,33.61,"10461",50348,51.3,7.8,56612,14,7.6,40.4,64.9,32.6,67.4,7.2,3,451100,80.8,28.1,77.6,48.2,37.8,9.4,46.6,3.9,34.5,45.8,1373,11.1,44.4,13.2,8.2
"68","10462","Pelham - Throgs Neck","Bronx",2192,2834.52,77332.41,158,204.31,33.84,"10462",76756,53,10.5,52409,16.8,7.6,48.2,54.1,22.3,77.7,11,2.6,3e+05,80.1,25.6,78.5,23.2,36.3,28.3,47.5,4.3,31.1,46.2,1342,12.6,47.9,13.6,11.1
"69","10463","Kingsbridge - Riverdale","Bronx",1839,2579.7,71287.33,181,253.9,32.09,"10463",71360,52.9,7.7,58551,14.4,5.5,44,61.8,32.1,67.9,9.4,2.8,287400,81.1,40.4,82.2,45,39.8,15.1,51.1,3.9,43.8,44.9,1326,3.7,39.2,14.2,8.09999999999999
"70","10464","Pelham - Throgs Neck","Bronx",117,2687.7,4353.16,6,137.83,25.6,"10464",4434,51.2,6,93365,5.7,5.3,35.5,77.6,65.9,34.1,5.4,3.1,531800,92.1,42.6,82,78.8,44.9,2.7,25.2,0.8,48,38,1186,5.5,24,16.1,1.8
"71","10465","Pelham - Throgs Neck","Bronx",1452,3374.36,43030.43,70,162.68,30.6,"10465",44205,51.6,6.6,74796,9.9,6.1,35.7,72.3,56.3,43.7,8.5,2.7,462100,84.9,26.3,80.5,60.3,41.5,12.8,44.3,3.2,35.6,35.8,1356,3.1,34.7,16.4,3.59999999999999
"72","10466","Northeast Bronx","Bronx",2275,3152.43,72166.65,153,212.01,38.54,"10466",72479,56.1,10.1,51477,17,9.5,45.2,56.1,38.8,61.2,15.3,1.8,422700,78.8,23.3,73.8,11.1,36.6,73.1,22,8,31.1,51.1,1281,3,37,15,9.3
"73","10467","Fordham - Bronx Park","Bronx",3207,3182.05,100784.05,283,280.8,38.41,"10467",103732,52,12.5,37015,25.8,9.9,56.1,46.1,13.6,86.4,13.3,3.6,335400,73.9,19.2,72.3,22.6,33.7,35.3,52.3,9.4,24.4,54.3,1285,5.8,52.5,15.6,15.9
"74","10468","Fordham - Bronx Park","Bronx",2601,3391.97,76681.12,181,236.04,38.71,"10468",78647,52.9,10.7,36046,29.6,12.3,60,32.6,7.6,92.4,18.6,3.6,194000,68.6,15.1,76.1,12.6,32.2,21,75.8,7.2,17.9,55.6,1236,2.9,55.7,11.2,18.1
"75","10469","Northeast Bronx","Bronx",2860,3999.54,71508.25,312,436.31,38.62,"10469",73870,53.5,8.8,63652,12.4,7.6,42.4,63.7,51,49,11.5,3.8,438900,79.5,25,76.6,18.8,40.2,54.3,29,3.8,31.6,51.2,1379,6.5,35.4,13.3,9.8
"76","10470","Northeast Bronx","Bronx",437,3098.47,14103.75,14,99.26,29.59,"10470",15432,54.2,6.9,57160,9.4,8.3,41.4,63.4,36.6,63.4,7.5,0.5,424400,81.9,31.3,77.1,42.6,40.5,39.1,21.1,7.3,41.7,45.4,1380,3.5,35.6,14.1,7.09999999999999
"77","10471","Kingsbridge - Riverdale","Bronx",770,3623.99,21247.28,65,305.92,24.98,"10471",21896,52.6,7.2,85707,6,4.4,33.7,76.7,48.8,51.2,2.8,2.1,345500,91.3,54.7,83,68.7,44.9,11.8,22.8,2.2,57.7,39.5,1548,6.2,36,13.3,3.2
"78","10472","Pelham - Throgs Neck","Bronx",1871,2754.96,67913.94,166,244.43,40.28,"10472",68796,51.4,11.1,30977,30.8,13.9,59,41.7,14.3,85.7,18,3.2,451900,62.4,12.3,68.5,14.9,32.1,27.4,64.5,9.5,17,57.2,1173,6.7,59.8,14.6,15.9
"79","10473","Pelham - Throgs Neck","Bronx",1842,2974.55,61925.28,116,187.32,35.83,"10473",59609,54.8,9.4,41638,22.7,6.4,52.4,56.4,29.6,70.4,16.9,2.8,381600,75.7,18.1,74.7,37.5,36.1,41.2,60.8,7.1,28.5,40.6,964,1.7,40.9,15.8,6.5
"80","10474","Hunts Point - Mott Haven","Bronx",315,2532.55,12438.07,19,152.76,37.4,"10474",12127,47,11.1,25493,38.4,13.2,65.2,27.8,6.3,93.7,22,2.9,427800,63.4,11.6,69.1,9.2,30.2,39.4,63.4,9.8,18.6,58,1138,0.1,71,11.2,16.9
"81","10475","Northeast Bronx","Bronx",1652,3776.59,43743.21,159,363.49,34.83,"10475",43208,57.5,6.8,50832,8.5,5.4,47.3,65.2,43.1,56.9,9.7,3.1,27600,85.8,28.3,73,17.8,45,60.8,29,2.5,33,35.7,1023,2.8,23.5,18.2,6
"82","11004","Southeast Queens","Queens",557,2969.31,18758.55,55,293.2,29.5,"11004",15234,53.1,4.7,92657,3.2,3.3,29.3,77.8,71,29,3.5,0.9,523700,91.7,42.5,83.4,42,44.4,6.6,12.6,0.6,44.6,32,1492,42.9,19.3,11,4.2
"83","11101","Long Island City - Astoria","Queens",602,1710.03,35204.11,36,102.26,25.42,"11101",30043,49.1,7.5,65392,16.2,5.8,37.1,63.3,16.9,83.1,7.4,0.7,924200,87.4,48,84.3,43,34.1,15.7,26.3,3,51.5,32.4,1608,22.8,50.1,7.2,7.5
"84","11102","Long Island City - Astoria","Queens",583,1786.54,32632.92,72,220.64,29.54,"11102",30800,50.1,5.7,64067,14.8,10,38,59.8,13.3,86.7,4.1,0.3,614000,85.2,48.1,83.9,59.1,33.7,9.6,30.8,4.1,48.3,39.6,1697,15.1,45.9,9.4,6.8
"85","11103","Long Island City - Astoria","Queens",531,1451.39,36585.65,45,123,28.2,"11103",36140,51.3,6.4,71437,9.3,11,32.7,63.6,16.2,83.8,3.8,1,792600,88.2,51.7,86.1,70.9,33.8,2.7,22.7,2.2,49.2,39.4,1700,14.9,44,8.3,5.5
"86","11104","Long Island City - Astoria","Queens",472,1905.09,24775.7,34,137.23,30.33,"11104",26119,50.4,5.5,61269,8.5,13.6,33.1,59.5,19.8,80.2,1.5,1.6,478100,86,45.9,82.7,66.8,37.8,1.9,31.4,2.4,45.2,44.4,1577,22.1,60.4,6.7,10.6
"87","11105","Long Island City - Astoria","Queens",474,1320.52,35894.88,40,111.44,24.64,"11105",37382,49.7,4.6,73959,7,8.7,31.1,68.5,27.7,72.3,2.4,1.3,808700,86.9,48.6,84.4,74.5,35.4,2.6,22,2.1,49.3,37.4,1709,12.5,36.6,9.1,6.5
"88","11106","Long Island City - Astoria","Queens",618,1598.37,38664.4,41,106.04,29.02,"11106",38363,51,7.1,63703,10.5,8.3,35.9,65.9,17.8,82.2,3.6,1,571400,86,49.9,84.1,54,35.5,7.1,28.3,3.7,48.9,35.4,1614,21.1,44.2,10.7,7.40000000000001
"89","11109","Long Island City - Astoria","Queens",46,907.18,5070.64,2,39.44,14.79,"11109",5981,51.6,3.7,148590,0.9,7.9,2.1,91.7,9.9,90.1,0.9,0.5,797400,99.2,83.6,99.5,67.1,32.7,4.5,5.6,0,75.6,24.9,3187,25.1,60.7,1.4,6.59999999999999
"90","11201","Downtown - Heights - Slope","Brooklyn",649,1065.54,60908.15,79,129.7,20.28,"11201",62823,52.2,5.4,124996,7.3,5.4,21,81.4,37.1,62.9,3.9,0.8,915900,94.6,74.1,90.3,64.1,35.2,13.6,11.6,2.8,74.5,27.9,2410,11.8,50.2,8.2,5.5
"91","11203","East Flatbush - Flatbush","Brooklyn",1957,2666.49,73392.42,226,307.93,36.96,"11203",75451,55.9,6.5,51277,13.3,8,43.6,55.3,40.6,59.4,11.4,2.2,447400,86.5,23.5,75,4.4,39.8,89,6.4,3,30.8,51.5,1306,1.9,29.7,8.7,6.40000000000001
"92","11204","Borough Park","Brooklyn",1959,2469.67,79322.45,134,168.93,29.3,"11204",76978,50,7,49785,18.4,8.2,55,44,37.1,62.9,4.2,1.9,825500,73.2,27.2,74.7,58.1,34.7,1.2,10.9,3.8,31.9,55.7,1375,31.9,41.7,10.3,16.7
"93","11205","Downtown - Heights - Slope","Brooklyn",690,1567.71,44013.21,44,99.97,26.2,"11205",46064,53.7,8.4,56708,22.5,5.8,46.8,55.8,24.1,75.9,8.1,1.6,715000,82.9,45.1,77.3,49,29.8,31.8,17.7,6.3,48.6,41.3,1420,6.9,54.8,9.8,9.90000000000001
"94","11206","Williamsburg - Bushwick","Brooklyn",1520,1777.85,85496.61,144,168.43,29.84,"11206",88349,51.5,9.4,36404,33.5,7.9,57.9,43,10.5,89.5,10.8,1.8,655200,73.9,27.2,69.2,47.2,29.3,26.5,37.1,7.6,38.5,41.4,1068,6.9,44.7,12.6,10.7
"95","11207","East New York","Brooklyn",1982,2223.05,89156.75,194,217.59,34.4,"11207",91972,55.2,9.6,37243,24.5,7.7,54.1,46.9,25.4,74.6,14.5,2.2,470400,78.2,15.5,74.2,14.5,34.1,64.3,33.3,12.1,24,54.9,1178,1.4,41.8,14.1,8.7
"96","11208","East New York","Brooklyn",2264,2368.01,95607.69,214,223.83,37.71,"11208",98660,53.5,6.9,40733,23,6.5,49.3,49.1,26,74,14.9,2.9,466200,80.9,14.7,77.3,25.9,32.5,54.4,41.3,6.4,22.2,51.2,1260,5.7,43.2,9.1,19.7
"97","11209","Bensonhurst - Bay Ridge","Brooklyn",1084,1615.95,67081.12,102,152.05,26.91,"11209",67809,52.1,5.7,72314,10.2,6.6,35.2,68.8,37.6,62.4,2.8,0.7,753600,88.2,49.9,85.1,73.8,40.6,3.1,16.9,4.1,52.2,38.2,1510,13.4,35.8,10.9,8.40000000000001
"98","11210","East Flatbush - Flatbush","Brooklyn",1605,2392.33,67089.29,125,186.32,35.62,"11210",67040,54.4,6.4,65900,9.3,6.5,39.7,62.7,44.5,55.5,8.9,1.9,623100,88.9,35.6,85,31.1,35.6,58.6,7,3.4,40.3,42.8,1353,4.3,36.7,8.3,10.9
"99","11211","Greenpoint","Brooklyn",1999,2007.14,99594.67,119,119.48,27.27,"11211",102624,50.2,4.9,71225,22.9,6.1,46,56.6,16.5,83.5,4.3,0.9,1002900,82.6,49.6,72.8,74.7,30.7,6.4,24.3,5.2,57.6,41.2,1789,5.6,48.1,8.5,10.3
"100","11212","Bedford Stuyvesant - Crown Heights","Brooklyn",1736,2181.18,79589.99,213,267.62,33.71,"11212",76527,57.6,15.8,26239,27.2,9.5,60.9,38.7,14.8,85.2,13.6,1.5,425400,77.7,14.6,69.2,7.2,37.6,81.6,18.6,13.4,22.7,55.5,953,1.3,41.5,14.6,5.7
"101","11213","Bedford Stuyvesant - Crown Heights","Brooklyn",1308,2030.24,64425.94,128,198.68,34.3,"11213",66295,54.1,8.7,41710,20.1,9.3,46.8,57.4,15.6,84.4,12.6,1.8,776300,82,28.1,73.9,22.4,33.4,67.6,10.6,6.7,33.9,49.8,1236,2,39.4,11.1,9.09999999999999
"102","11214","Bensonhurst - Bay Ridge","Brooklyn",1469,1573.93,93333.46,163,174.64,33.43,"11214",92946,51,6.2,54041,13.7,11.1,49.1,46.3,33.3,66.7,5.4,2.3,711400,76,31.6,79.3,49.2,39.6,1.5,16.4,3.6,32,46.3,1360,37.5,40.1,10.3,13.5
"103","11215","Downtown - Heights - Slope","Brooklyn",595,850.82,69932.3,42,60.06,21.64,"11215",70156,52.1,3.9,123583,3.7,3.7,18,86.2,40.5,59.5,3.3,0.8,1138500,93.4,75.5,91.2,76.1,36,4.6,16.3,1.1,74.5,30,2216,7.9,50.6,6.5,4.8
"104","11216","Bedford Stuyvesant - Crown Heights","Brooklyn",697,1255,55537.72,61,109.84,26.71,"11216",56308,53.1,6.4,61121,13.5,8.2,35.7,64.7,22.1,77.9,5.8,0.9,1073700,87.1,46.8,79.8,29,34.2,57,10.8,5,52.1,40.8,1408,5.2,41.6,11.2,6
"105","11217","Downtown - Heights - Slope","Brooklyn",607,1278.52,47476.67,73,153.76,29.55,"11217",41407,53,5.9,107362,9.1,4.5,28.4,75.2,29.9,70.1,4.6,1,1163200,88.8,66.5,88.3,58,35,19.7,18.5,4,71.2,26.7,2015,7.6,50.2,9.9,5.59999999999999
"106","11218","Borough Park","Brooklyn",1636,2158.13,75806.47,121,159.62,32.32,"11218",74508,49.6,6.1,69415,14.8,7.7,45.4,54.6,36.6,63.4,5.1,1.4,751100,83.4,45.1,79.9,59.7,34.2,8.1,17.6,3.1,48.5,45.4,1550,18.5,42.1,8.7,13.8
"107","11219","Borough Park","Brooklyn",2923,3147.81,92858.07,205,220.77,25.8,"11219",90036,50,5.8,39295,30.9,6.8,69.9,30.1,27.4,72.6,3.2,1.7,864700,66,19.2,58.9,67.2,27.8,1,12.1,4.3,29.7,63.9,1394,24.5,49.4,8.9,25.6
"108","11220","Sunset Park","Brooklyn",1454,1476.89,98450,150,152.36,34.38,"11220",95643,49.5,6.3,47079,25.3,16.1,59.3,28.9,26,74,7.2,2.5,827800,53.1,20.9,72,30.3,34.3,2.6,41.7,3.9,21.2,51.4,1355,41.3,61.5,8.3,23.3
"109","11221","Williamsburg - Bushwick","Brooklyn",1234,1510.91,81672.44,118,144.48,31.21,"11221",83835,52.1,10.1,50153,19.9,11.3,43.1,54.6,21.5,78.5,10.8,2,784600,78.8,31.3,74.5,27.7,31.6,49,34.3,5.1,38.9,46,1372,3.4,50.7,9.4,6.59999999999999
"110","11222","Greenpoint","Brooklyn",427,1174.72,36349.16,28,77.03,22.3,"11222",36492,50.7,4.8,85111,7.9,8.7,22.9,73.8,17.9,82.1,1.9,0.6,818200,91.1,58.7,81.8,81.9,34.8,4.4,14.2,2.8,61.7,37,1966,5,46.6,8.2,4.3
"111","11223","Coney Island - Sheepshead Bay","Brooklyn",1644,2056.1,79957.11,132,165.09,32.88,"11223",81789,51,7.8,50108,18.2,8.3,48.7,49.4,35.6,64.4,6.4,2.5,752200,77.9,31.7,80.7,57.2,36.5,4.8,16.7,4,34,49.7,1318,24.2,35.3,11.3,12.1
"112","11224","Coney Island - Sheepshead Bay","Brooklyn",1101,2474.86,44487.34,192,431.58,33.96,"11224",46707,55.2,9.9,33131,22.2,6.3,59.7,44,27.8,72.2,11.1,1.9,386400,80.3,35.8,69.7,58.1,45.5,22.5,20.4,6.7,31.5,40.6,822,5.9,23.3,21.2,6.09999999999999
"113","11225","East Flatbush - Flatbush","Brooklyn",1112,1926.83,57711.49,125,216.59,34.18,"11225",58882,54.5,7.8,55862,14.7,8.2,38.8,59.7,15.7,84.3,7.6,2.2,776200,87,38.6,76.3,27.2,34.8,63.9,8.3,4.9,45.8,45.1,1395,2.6,35.9,7,7
"114","11226","East Flatbush - Flatbush","Brooklyn",2138,2158.26,99061.32,246,248.33,36.12,"11226",100277,55,7.2,52052,13.2,11.1,45,49.1,12.4,87.6,10.5,2.1,580400,84.1,28.4,73.9,15.2,34.7,68.2,17.1,4.3,34.2,47.2,1365,2.9,41.4,7.4,13.4
"115","11228","Bensonhurst - Bay Ridge","Brooklyn",627,1418.07,44215.08,75,169.63,30.98,"11228",44994,51.1,6.5,67911,10.8,6.1,41,63.8,55.2,44.8,5,1.1,864600,79.1,33.5,83.4,55.7,41.1,1.2,13,2.1,39.7,50.5,1416,35.6,36.5,11.1,8.90000000000001
"116","11229","Coney Island - Sheepshead Bay","Brooklyn",1498,1764.24,84909.16,130,153.1,31.36,"11229",83615,51.8,6.2,60873,11.7,6.8,43.6,58.3,47.2,52.8,5.2,1.2,608400,84.8,37.6,81.9,64.6,40.8,6,10.8,3.9,40.3,45.5,1319,22.2,31.2,10.2,8.8
"117","11230","Borough Park","Brooklyn",2239,2511.05,89165.77,198,222.06,32.1,"11230",89075,52,6.2,49541,17.6,8.6,51.4,47.6,29.7,70.3,4.6,1.1,770600,82.7,41,73.1,70,33.8,7.1,10.2,2.8,41.5,54.4,1360,14.2,38.9,12.2,15
"118","11231","Downtown - Heights - Slope","Brooklyn",403,1089.35,36994.7,33,89.2,25.25,"11231",37845,53.6,8,100213,12.8,4.9,29.2,73,31.3,68.7,8.2,0.7,1268600,88.2,62.9,85.1,65.9,35.9,13.9,18.6,3.6,69,30.4,1749,5.6,42.3,10.7,6.7
"119","11232","Sunset Park","Brooklyn",501,1772.13,28271.09,39,137.95,37.12,"11232",27602,48.2,6.5,56661,21.3,14.5,44.2,48.6,25.2,74.8,7.4,3.2,705600,69,30.3,82,41.3,33.8,6.4,50.6,4.2,35.6,48.6,1492,19.1,58.4,9.2,18.1
"120","11233","Bedford Stuyvesant - Crown Heights","Brooklyn",1207,1673.01,72145.54,123,170.49,34.05,"11233",76819,54.3,6.2,40449,25,8.6,47.4,50.8,22.7,77.3,15.9,3.2,755900,79.6,25.1,71.3,8.8,33,78.8,16,6.3,35.1,48.9,1175,1.7,39.7,10.4,6.5
"121","11234","Canarsie - Flatlands","Brooklyn",2171,2277.95,95304.8,167,175.23,35.73,"11234",95666,52.5,7.2,81399,6.7,6.1,36,68.5,68,32,7.2,1.6,556500,89.9,34.8,83.6,41.6,40.3,45.8,10.5,2.2,41.3,44.1,1448,6.7,24.4,9.2,6.90000000000001
"122","11235","Coney Island - Sheepshead Bay","Brooklyn",1954,2456.62,79540.14,259,325.62,34.68,"11235",78128,52.1,5.9,52538,14.4,9.2,48.5,51.8,39.6,60.4,3.4,1.1,534300,87.3,47.8,78.1,75.2,45.1,2.6,8.3,2.8,41.8,49.8,1321,14.4,30.6,15.2,11.7
"123","11236","Canarsie - Flatlands","Brooklyn",2583,2667.09,96846.99,267,275.69,39.24,"11236",100331,56.4,5.9,67669,10.6,7.8,35.4,63.9,48.8,51.2,11.9,2.3,517700,86.8,27.7,83.1,5.9,37.9,86.4,7.1,3.5,33.6,40.4,1377,2.7,25,7.9,7.09999999999999
"124","11237","Williamsburg - Bushwick","Brooklyn",908,1791.08,50695.72,102,201.2,35.41,"11237",49310,48.5,6.7,51413,28.4,18.2,45.9,42.8,10,90,9.2,3.1,651800,70.6,30.2,75.8,42.1,30.3,13.5,63,4.9,34.6,50.4,1484,7.4,63.2,8.6,13.1
"125","11238","Bedford Stuyvesant - Crown Heights","Brooklyn",742,1373.67,54015.79,89,164.77,28.96,"11238",54540,53.3,5.9,85407,9.7,5.7,27.2,74.7,29.9,70.1,4.8,1.1,886100,90.6,62,83.8,46.4,35.8,37.6,10.9,3,65,33.4,1730,6.2,37.3,9.9,3.8
"126","11239","Canarsie - Flatlands","Brooklyn",488,3931.25,12413.37,77,620.3,35.94,"11239",13244,59.2,8.1,27104,23.7,3.6,61.7,40.8,3.2,96.8,9.9,1.2,499400,77.8,19.2,66.2,30.6,46.8,60.3,18.9,7.4,29.1,37.9,690,2.3,14,23.5,4
"127","11354","Flushing - Clearview","Queens",1128,2031.76,55518.32,249,448.5,36.52,"11354",55200,54.7,4.2,42500,17.4,19.5,39.7,46.6,38.7,61.3,4.6,1,498400,73.4,20.5,72.8,20.8,45.5,3.2,15.9,3.3,27,60.2,1440,62.8,53.7,8.6,9.8
"128","11355","Flushing - Clearview","Queens",1220,1524.73,80013.97,141,176.22,37.92,"11355",80853,52.2,4,39207,19.7,21.3,45.1,39.1,30.1,69.9,3.3,0.8,573700,69.9,19.5,72.3,13.2,42.8,3.4,14.8,3.1,23.8,61.9,1392,72.7,54.4,7.7,16.2
"129","11356","Flushing - Clearview","Queens",533,2285.32,23322.74,40,171.51,35.12,"11356",23362,50.2,3.6,60493,10,12.3,34.5,58.4,44.3,55.7,5.9,0.8,626300,77.6,19.1,78.7,35.9,37.1,1.8,40.3,3.1,25.8,51.9,1656,29.4,49.2,5.7,7.5
"130","11357","Flushing - Clearview","Queens",783,1958.7,39975.56,78,195.12,32.38,"11357",39902,52.5,5.5,83951,5.4,5.7,30.3,77.9,77.4,22.6,2,1.4,678900,85.8,38.9,85,70.1,45.5,0.6,15.6,1,43.1,45.6,1763,22.1,28.4,11.6,2.2
"131","11358","Flushing - Clearview","Queens",540,1519.35,35541.5,33,92.85,30.17,"11358",37190,50.6,4.1,66129,9.1,12,33.1,63.5,55.3,44.7,2.8,1.1,752600,82.9,31.1,83,41.7,43.9,0.9,16.8,2.5,38.8,49.4,1601,47.1,42,6.5,4.8
"132","11360","Flushing - Clearview","Queens",301,1595.7,18863.17,16,84.82,25.15,"11360",19621,53.8,4,86174,6.8,4,35.6,79,71.5,28.5,3,1.1,522000,92.8,53.6,87.1,62.2,48.5,1,9.8,0.8,51.2,37.8,2047,32.6,29.1,11.7,2.3
"133","11361","Bayside - Little Neck","Queens",433,1547.98,27971.99,39,139.43,28.66,"11361",27246,51,4.4,85887,7.4,7,33.7,70.9,57.4,42.6,3.6,1.4,682500,87.2,41.6,89.3,48.6,43.3,3.8,12.9,1.6,46,40.8,1783,40.9,35.5,9.9,4.3
"134","11362","Bayside - Little Neck","Queens",296,1668.73,17738.01,17,95.84,30.17,"11362",18721,53.1,4.2,89185,5.1,5,38.2,71.4,79.8,20.2,2.9,0.8,521500,90,43.4,83.9,49.7,49.4,0.9,8.9,1.6,49.5,37,1808,43.3,23.8,10.1,3
"135","11363","Bayside - Little Neck","Queens",96,1340.96,7159.03,3,41.91,28.32,"11363",6952,51.9,4.5,104792,5.8,3.6,30.7,81.2,75.5,24.5,2.8,0.3,809800,96.1,54.6,88.2,59.3,47.8,1.8,13.1,1.3,56.8,48.5,2080,32.6,27.8,8.4,3.2
"136","11364","Bayside - Little Neck","Queens",453,1310.67,34562.6,25,72.33,27.99,"11364",36806,51,4.4,76988,6.5,8,31.9,70.3,73.7,26.3,5.1,1.5,538900,89.4,43.4,88.6,40,44.8,2.6,9.6,1.5,43.4,47.9,1753,52.1,27.5,8.1,4
"137","11365","Fresh Meadows","Queens",803,1822.9,44050.79,54,122.59,32.8,"11365",44983,52.5,9.1,66483,11.6,8.6,35.8,64.3,47.4,52.6,7,0.6,661800,87,37.1,84.5,33.4,40.8,8.5,19.7,1.4,35.4,50.5,1557,44.9,33.6,7.9,7.2
"138","11366","Fresh Meadows","Queens",380,2758.14,13777.39,22,159.68,36.32,"11366",14650,52.4,8.4,78990,7.9,5.1,39.5,67.7,70.6,29.4,3.9,1.4,729200,87.9,44.4,89.5,43,40.6,5.2,8.9,2.9,43.9,46.2,1746,45.6,28.1,8.5,5.90000000000001
"139","11367","Fresh Meadows","Queens",997,2371.59,42039.24,54,128.45,33.42,"11367",41824,51.9,6.1,57933,12.6,6.3,40.1,63.6,46.7,53.3,7.6,1.3,479700,84.6,36.8,81.2,56,36.4,8.4,17.9,4.2,42.4,46.3,1366,26,36.3,10.2,8.90000000000001
"140","11368","West Queens","Queens",4298,3851.46,111594.1,377,337.83,45.47,"11368",112425,48,4.8,50797,18,23.8,51.1,37.4,21.7,78.3,11.2,5.1,532800,62.8,12.4,73.3,37.7,32.4,10.5,75.5,4.3,11.6,52.6,1572,12,64.1,10.6,29.7
"141","11369","West Queens","Queens",1521,4171.44,36462.23,153,419.61,44.16,"11369",34118,50.8,6.8,54121,12.3,14.1,47.9,47.6,54.5,45.5,7.5,2.5,567000,75.8,17.2,79.6,28.8,38.3,16.3,63.6,3.3,22.7,64.1,1503,12.3,45.6,9.4,14.5
"142","11370","West Queens","Queens",1287,3928.73,32758.65,49,149.58,40.95,"11370",32514,40.7,5.3,65098,11.7,7.7,43.5,57.6,51.1,48.9,4.3,3,671400,72.7,22.2,82.1,42.1,37.5,15,37.4,2.8,30.2,51.8,1628,22,38.2,8.6,11.7
"143","11372","West Queens","Queens",2409,3850.53,62562.88,226,361.24,43.28,"11372",61844,50.2,4.7,56383,10.3,13.1,44.4,51.7,31.7,68.3,4.7,3.8,325000,77.3,29.5,80.1,57.3,40.5,3.2,57.6,4.3,30.5,50.7,1441,20.5,61.6,8.4,12.7
"144","11373","West Queens","Queens",3116,3355.02,92875.81,273,293.94,40.87,"11373",93967,49.9,4.6,51183,12.6,16.7,50.2,42.6,29.4,70.6,4.9,2.1,545500,75.2,26.4,81.9,21.7,38.2,2.1,41.4,3.2,23.3,55.2,1485,48.6,49.7,8.7,20.2
"145","11374","Ridgewood - Forest Hills","Queens",1039,2471.01,42047.63,83,197.4,33.13,"11374",42653,54.1,4.4,63161,9.8,7.7,39.1,63.7,38.8,61.2,3,0.7,361400,90.2,50.4,82,52.7,43.8,4.4,16.3,2.7,47.9,47,1591,32.1,34,12.3,9.7
"146","11375","Ridgewood - Forest Hills","Queens",1466,2077.87,70552.99,170,240.95,32.28,"11375",73488,54.1,4.4,80542,5.9,4.2,30.7,75.8,50.8,49.2,2.9,0.8,395100,93.7,61.2,87.1,60.8,42.7,2.7,15.7,1.2,60.3,39.2,1731,28,31.1,9.9,6.40000000000001
"147","11377","West Queens","Queens",2109,2439.04,86468.55,169,195.45,35.3,"11377",86421,48.7,4,57010,8.4,13.2,45.8,46.9,30.9,69.1,3.7,2.2,528700,77.4,28.7,81.5,48.9,40,2.7,38.1,3.7,28.3,46.3,1490,37.2,61.6,6.1,13
"148","11378","West Queens","Queens",708,2046.63,34593.45,63,182.12,31.54,"11378",37279,51.3,5.7,73333,8,9,35.3,63.7,50.9,49.1,7.4,2.9,605300,86.4,28.3,84.2,72,37.7,1.7,32.2,1.8,32.1,45.6,1600,10.3,41.8,7.7,7.7
"149","11379","Ridgewood - Forest Hills","Queens",778,2149.44,36195.55,78,215.5,32.27,"11379",37851,52.7,5.2,82819,6,6.4,30.2,73.9,60.9,39.1,3.6,2.5,646300,87.3,33.3,83.9,78.1,42.7,1,20.1,2.1,41.1,36.4,1518,11,31.3,9.1,3.90000000000001
"150","11385","Ridgewood - Forest Hills","Queens",2056,1997.48,102929.91,109,105.9,34.92,"11385",106717,50.3,4.7,72261,9.3,12.3,35.8,57.4,32.1,67.9,7.5,2.1,581900,82.9,26.6,80.9,81.7,35.4,2.3,44.3,2.2,28.8,39.4,1477,6.7,47.7,6.2,6.5
"151","11411","Southeast Queens","Queens",664,3239.93,20494.26,35,170.78,40.66,"11411",20759,53.8,6.5,93882,2.6,6.7,32.6,72.7,86,14,6.2,1.6,432300,91.9,31.6,85.4,3.4,44.2,92.6,6.6,2.3,34.1,36.8,1531,0.3,25.8,9.4,3.09999999999999
"152","11412","Jamaica","Queens",1190,3024.38,39346.92,73,185.53,39,"11412",37458,54.2,8.1,78517,6.6,7.5,33.3,67.3,74.3,25.7,9.9,3.2,427200,88.1,23.8,81.6,1.8,40.5,90,5.1,3.2,30.4,52.8,1441,2.4,29.4,9.9,5.40000000000001
"153","11413","Southeast Queens","Queens",1257,2879.86,43647.97,63,144.34,39.11,"11413",42443,53.4,6.7,86324,5.5,5.9,36.3,68.6,71,29,9.3,2.4,446800,88.9,26.4,83.2,2.3,39.8,92.1,4.9,2.7,32.2,41.1,1664,1.1,29.2,8.8,4.8
"154","11414","Southwest Queens","Queens",789,2791.38,28265.56,51,180.43,38.25,"11414",29219,52.3,5.8,71648,11.1,3.7,39.9,71.5,69.8,30.2,6.5,0.9,504300,86.1,27.9,82.7,77.9,45,1.9,22.3,0.6,36.3,48.8,1576,5.2,17.5,15.1,2.90000000000001
"155","11415","Southwest Queens","Queens",513,2667.12,19234.25,41,213.16,34.27,"11415",19372,52.2,3.9,68294,11.9,6,34.1,67.5,35.8,64.2,3,1.3,348100,91.8,46.9,82.7,58.9,38.9,5.4,24.9,2.8,48.3,45.4,1540,19,35.6,9.2,10.2
"156","11416","Southwest Queens","Queens",680,2555.01,26614.42,49,184.11,39.58,"11416",27125,50.6,7.3,67461,13.2,9.1,47.5,49.3,43.3,56.7,8.4,1.9,524900,77.1,21.4,86.8,27.4,35.6,6.3,45.1,4.5,24.5,49.7,1489,33.3,39.6,9.5,10
"157","11417","Southwest Queens","Queens",855,2734.19,31270.63,35,111.93,36.12,"11417",31927,52,7.3,73424,11.8,8,42,58.8,60.2,39.8,6,2.5,481900,77.7,24.8,87.3,35.8,38.3,7.4,38.5,2.3,27.8,43.3,1514,29,35.1,10.4,8
"158","11418","Southwest Queens","Queens",1046,2745.03,38105.16,87,228.32,37.41,"11418",38517,49.8,5.4,66570,11.3,14.1,41.4,49.6,43.5,56.5,8.1,2.9,522500,77.4,26.9,84.1,40.6,35.1,7.3,45.7,3.1,28.1,46.4,1461,23.9,45,8.9,12
"159","11419","Southwest Queens","Queens",1126,2214.41,50848.81,83,163.23,37.73,"11419",49618,49.6,9.2,70882,11.2,11.3,48,45.9,58.9,41.1,6.8,1.5,481500,71.6,19.9,84.3,10.1,37,16.4,18.9,6.6,22.5,52.3,1554,32.6,35.5,8.9,11.3
"160","11420","Southwest Queens","Queens",1314,2713.99,48415.71,91,187.96,38,"11420",48489,51,7.7,67932,10.4,8.7,41,57.1,66.9,33.1,7.5,3.2,478000,73.3,19,85.5,15.3,39.2,24.5,24,4.4,25.2,54.6,1553,31,29.6,12.1,8.09999999999999
"161","11421","Southwest Queens","Queens",1153,2731.61,42209.49,93,220.33,38.59,"11421",41002,50,6.9,72066,8.4,11.6,40.2,54.9,55.5,44.5,8.4,2.4,477600,76.6,24.2,85.4,44.2,37.8,4.7,58.6,2.3,25.2,48.7,1612,19.6,41.7,8.4,7.5
"162","11422","Southeast Queens","Queens",936,2775.67,33721.62,41,121.58,38.39,"11422",32082,53.6,5.4,89235,5.4,6.4,31.3,70.8,66.3,33.7,9.3,2.9,438900,88.2,27.4,87.7,5.5,38.4,85.2,9.6,4.3,34.5,40.1,1722,2.1,28.9,9.1,4.59999999999999
"163","11423","Jamaica","Queens",1037,3236.46,32041.14,85,265.28,39.12,"11423",31400,51.3,8,70266,7.6,8.9,41.6,57.5,58,42,5,4.4,475000,83.8,29,83.5,13,40.8,38.8,14.2,3.4,29.1,44.8,1411,28.5,31.2,11.7,8.09999999999999
"164","11426","Southeast Queens","Queens",489,2401.38,20363.28,27,132.59,37.36,"11426",20801,50.1,4.4,88803,6.4,5.9,30.9,73.1,76,24,2,1.6,542700,89.1,37.8,91.2,38.9,38.6,6.6,18.9,2.1,39.6,43.5,1729,44.2,30.6,7.3,4.90000000000001
"165","11427","Southeast Queens","Queens",756,3256.88,23212.38,44,189.55,37.02,"11427",24037,50.6,5.2,74581,6,7,34.7,67,60,40,4.1,1,488000,84.7,32.2,84.6,29.3,42,20.7,19.5,3.2,38.9,47.5,1399,31.3,24.6,9.2,6.5
"166","11428","Southeast Queens","Queens",649,3357.92,19327.45,38,196.61,41.9,"11428",18929,51.4,5.7,73699,8.6,6.5,33.7,67.4,68.9,31.1,5.1,0.6,472200,83.9,18.9,83.9,22.7,40.8,21,25.3,3.1,27.6,60.5,1487,25.8,19.4,8,4.90000000000001
"167","11429","Southeast Queens","Queens",897,3199.42,28036.33,61,217.57,39.74,"11429",27403,53.1,13.4,83240,7.3,6.3,38.7,62.8,71.9,28.1,7.7,2.6,434500,84.7,26.2,87.2,3.5,39,76.2,12.4,7.7,31.8,45.9,1401,4.1,32,9.7,6.7
"168","11432","Jamaica","Queens",1722,2724.88,63195.4,222,351.29,39.78,"11432",62053,52.8,7.4,55906,11.1,10,48.5,47.8,36.6,63.4,4.6,1.3,583900,80.4,36.1,80.6,19.1,36,16,24.4,4.6,32.4,53.4,1453,41.6,38.2,8.7,19.3
"169","11433","Jamaica","Queens",897,2489.19,36035.76,69,191.48,37.96,"11433",36489,54.2,13.8,51521,13,11.2,50,43.7,44.5,55.5,13.7,2,411500,76.5,16.2,72.2,3.9,35,64.3,18.9,9.9,21.1,49.2,1282,8.8,44.7,10.7,9.2
"170","11434","Jamaica","Queens",1983,2936.21,67536.11,146,216.18,36.68,"11434",65791,55.6,6.8,62207,7.7,6.1,37.9,65.2,49,51,11.7,2.1,402400,86.5,21.8,73.9,2.9,37.9,87.5,7.5,2.9,29.3,38.9,1141,2.5,27.7,11.3,4.3
"171","11435","Jamaica","Queens",1560,2705.34,57663.84,130,225.44,34.97,"11435",59296,50.3,10.7,64086,12.7,12.2,46.4,46.3,36.4,63.6,6,1.6,393300,76.9,27.7,82.5,16.9,35.8,23.6,31.1,5.6,29.2,46.2,1466,24.3,44.2,9.5,14.2
"172","11436","Jamaica","Queens",502,2412.6,20807.42,36,173.02,36.47,"11436",20077,50.6,9.2,75242,7.7,8.8,43.5,55.6,72.8,27.2,9.7,1.9,396600,80.7,20.3,84,5.6,36.9,61.7,14.8,3.4,26.1,47.6,1591,10.5,37.5,11.1,9
"173","11691","Rockaway","Queens",2186,3375.59,64759.02,290,447.81,40.71,"11691",67094,54.1,9.4,46147,19.2,8,50.1,49.4,24.1,75.9,13.1,2,462500,75.1,25.8,74.3,38.9,31.1,46.8,26.4,6.8,33.4,42.7,1200,3.5,39.1,15.5,10.6
"174","11692","Rockaway","Queens",563,2798.18,20120.24,80,397.61,35.94,"11692",20991,53.5,12.9,44024,21.7,6.6,49.7,51.3,34.3,65.7,18.1,3,381900,75.7,23.4,77.2,22.6,34.2,60.9,24.4,8.2,32.9,40.8,1010,5.7,34.1,16.4,8
"175","11693","Rockaway","Queens",320,2584.55,12381.27,25,201.92,35.96,"11693",12919,51.2,5.2,59431,12.1,4.8,39.9,63,50.7,49.3,9.8,2.9,310800,83.4,26.4,80.8,63.3,39.5,19.9,29.5,3,31.7,41.8,1037,4,29.6,14.4,4.5
"176","11694","Rockaway","Queens",683,3355.31,20355.78,73,358.62,32.9,"11694",21354,48.8,5.4,80976,6.5,3.9,36.6,72.3,53.2,46.8,3.4,0.9,651300,89.7,43.4,80.9,81.3,48.5,6.8,14.9,1.2,50.2,41.2,1321,3.5,29.7,17.2,3.59999999999999
"177","11697","Rockaway","Queens",101,2855.78,3536.69,2,56.55,14.05,"11697",3540,52,4.8,103580,3.5,0.6,28.4,91.6,96.8,3.2,0.8,0.7,570900,97.7,50.8,86.3,95.4,49.1,0.6,6.5,0,45.9,28.6,NA,0.6,1,13.9,1.8
